{"cameraMode":{"drawMode":0,"name":"Shaded","section":"Shading Mode"},"sceneLighting":false,"audioPlay":false,"sceneViewState":{"showFog":true,"showMaterialUpdate":false,"showSkybox":false,"showFlares":true,"showImageEffects":true,"showParticleSystems":true},"in2DMode":false,"pivot":{"x":-10.868651390075684,"y":15.605925559997559,"z":0.22952070832252503},"rotation":{"x":0.09684024006128311,"y":-0.652786910533905,"z":-0.0846792459487915,"w":-0.7465391159057617},"size":1.8540515899658204,"orthographic":false}